{
    "openapi": "3.0.0",
    "info": {
        "title": "Example for response examples value",
        "version": "1.0"
    },
    "paths": {
        "/api/v1/categories": {
            "get": {
                "tags": [
                    "Category"
                ],
                "summary": "Generate new otp",
                "description": "Store a category.",
                "operationId": "eb03e503e14ebe1e363578f176db28d7",
                "parameters": [
                    {
                        "name": "mobile",
                        "in": "query",
                        "description": "User mobile number",
                        "required": true,
                        "schema": {
                            "type": "string"
                        },
                        "examples": {
                            "+989123456789": {
                                "summary": "+989123456789",
                                "value": "+989123456789"
                            },
                            "989123456789": {
                                "summary": "989123456789",
                                "value": "989123456789"
                            },
                            "09123456789": {
                                "summary": "09123456789",
                                "value": "09123456789"
                            },
                            "9123456789": {
                                "summary": "9123456789",
                                "value": "9123456789"
                            }
                        }
                    }
                ],
                "responses": {
                    "200": {
                        "description": "OK"
                    },
                    "422": {
                        "description": "Mobile is invaid"
                    }
                },
                "security": [
                    {
                        "bearer_token": []
                    }
                ]
            }
        },
        "/api/v1/test": {
            "post": {
                "summary": "Updates a user",
                "operationId": "414494294eb6a4c1f802cb5b8b470d41",
                "responses": {
                    "200": {
                        "description": "OK"
                    }
                }
            }
        },
        "/api/v1/login": {
            "post": {
                "tags": [
                    "User"
                ],
                "summary": "Generate new otp",
                "description": "Generate new otp.",
                "operationId": "98d5e3f3e64ad894b0602b12ab0996c6",
                "parameters": [
                    {
                        "name": "mobile",
                        "in": "query",
                        "description": "User mobile number",
                        "required": true,
                        "schema": {
                            "type": "string"
                        },
                        "examples": {
                            "+989123456789": {
                                "summary": "+989123456789",
                                "value": "+989123456789"
                            },
                            "989123456789": {
                                "summary": "989123456789",
                                "value": "989123456789"
                            },
                            "09123456789": {
                                "summary": "09123456789",
                                "value": "09123456789"
                            },
                            "9123456789": {
                                "summary": "9123456789",
                                "value": "9123456789"
                            }
                        }
                    }
                ],
                "responses": {
                    "200": {
                        "description": "OK"
                    },
                    "422": {
                        "description": "Mobile is invaid"
                    }
                }
            }
        },
        "/api/v1/confirm": {
            "post": {
                "tags": [
                    "User"
                ],
                "summary": "Confirm an otp",
                "description": "Confirm an otp.",
                "operationId": "e6dcdbafb8af8788f6c94904df08fc0a",
                "parameters": [
                    {
                        "name": "mobile",
                        "in": "query",
                        "description": "User mobile number",
                        "required": true,
                        "schema": {
                            "type": "string"
                        },
                        "examples": {
                            "+989123456789": {
                                "summary": "+989123456789",
                                "value": "+989123456789"
                            },
                            "989123456789": {
                                "summary": "989123456789",
                                "value": "989123456789"
                            },
                            "09123456789": {
                                "summary": "09123456789",
                                "value": "09123456789"
                            },
                            "9123456789": {
                                "summary": "9123456789",
                                "value": "9123456789"
                            }
                        }
                    },
                    {
                        "name": "code",
                        "in": "query",
                        "description": "Verification code",
                        "required": true,
                        "schema": {
                            "type": "string"
                        },
                        "examples": {
                            "123456": {
                                "summary": "123456",
                                "value": "123456"
                            }
                        }
                    }
                ],
                "responses": {
                    "200": {
                        "description": "OK"
                    },
                    "422": {
                        "description": "Mobile or code is invaid"
                    },
                    "400": {
                        "description": "Incorrect mobile or code - expired code"
                    }
                }
            }
        }
    },
    "components": {
        "securitySchemes": {
            "bearer_token": {
                "type": "http",
                "description": "Laravel Sanctum token authentication",
                "scheme": "bearer",
                "bearerFormat": "JWT"
            }
        }
    }
}